name,id,date
abdelilah,0,17/7/1999
abdelilah,1,17/7/1999
abdelilah,2,17/7/1999
abdelilah,3,17/7/1999
abdelilah,4,17/7/1999
abdelilah,5,17/7/1999
abdelilah,6,17/7/1999
abdelilah,7,17/7/1999
abdelilah,8,17/7/1999
abdelilah,9,17/7/1999
abdelilah,10,17/7/1999
abdelilah,11,17/7/1999
abdelilah,12,17/7/1999
abdelilah,13,17/7/1999
abdelilah,14,17/7/1999
abdelilah,15,17/7/1999
abdelilah,16,17/7/1999
abdelilah,17,17/7/1999
abdelilah,18,17/7/1999
abdelilah,19,17/7/1999
abdelilah,0,17/7/1999
abdelilah,1,17/7/1999
abdelilah,2,17/7/1999
abdelilah,3,17/7/1999
abdelilah,4,17/7/1999
abdelilah,5,17/7/1999
abdelilah,6,17/7/1999
abdelilah,7,17/7/1999
abdelilah,8,17/7/1999
abdelilah,9,17/7/1999
abdelilah,10,17/7/1999
abdelilah,11,17/7/1999
abdelilah,12,17/7/1999
abdelilah,13,17/7/1999
abdelilah,14,17/7/1999
abdelilah,15,17/7/1999
abdelilah,16,17/7/1999
abdelilah,17,17/7/1999
abdelilah,18,17/7/1999
abdelilah,19,17/7/1999
abdelilah,0,17/7/1999
abdelilah,1,17/7/1999
abdelilah,2,17/7/1999
abdelilah,3,17/7/1999
abdelilah,4,17/7/1999
abdelilah,5,17/7/1999
abdelilah,6,17/7/1999
abdelilah,7,17/7/1999
abdelilah,8,17/7/1999
abdelilah,9,17/7/1999
abdelilah,10,17/7/1999
abdelilah,11,17/7/1999
abdelilah,12,17/7/1999
abdelilah,13,17/7/1999
abdelilah,14,17/7/1999
abdelilah,15,17/7/1999
abdelilah,16,17/7/1999
abdelilah,17,17/7/1999
abdelilah,18,17/7/1999
abdelilah,19,17/7/1999
abdelilah,0,17/7/1999
abdelilah,1,17/7/1999
abdelilah,2,17/7/1999
abdelilah,3,17/7/1999
abdelilah,4,17/7/1999
abdelilah,5,17/7/1999
abdelilah,6,17/7/1999
abdelilah,7,17/7/1999
abdelilah,8,17/7/1999
abdelilah,9,17/7/1999
abdelilah,10,17/7/1999
abdelilah,11,17/7/1999
abdelilah,12,17/7/1999
abdelilah,13,17/7/1999
abdelilah,14,17/7/1999
abdelilah,15,17/7/1999
abdelilah,16,17/7/1999
abdelilah,17,17/7/1999
abdelilah,18,17/7/1999
abdelilah,19,17/7/1999
abdelilah,0,17/7/1999
abdelilah,1,17/7/1999
abdelilah,2,17/7/1999
abdelilah,3,17/7/1999
abdelilah,4,17/7/1999
abdelilah,5,17/7/1999
abdelilah,6,17/7/1999
abdelilah,7,17/7/1999
abdelilah,8,17/7/1999
abdelilah,9,17/7/1999
abdelilah,10,17/7/1999
abdelilah,11,17/7/1999
abdelilah,12,17/7/1999
abdelilah,13,17/7/1999
abdelilah,14,17/7/1999
abdelilah,15,17/7/1999
abdelilah,16,17/7/1999
abdelilah,17,17/7/1999
abdelilah,18,17/7/1999
abdelilah,19,17/7/1999
